{"cameraMode":{"drawMode":0,"name":"Shaded","section":"Shading Mode"},"sceneLighting":true,"audioPlay":false,"sceneViewState":{"showFog":true,"showMaterialUpdate":false,"showSkybox":true,"showFlares":true,"showImageEffects":true,"showParticleSystems":true},"in2DMode":false,"pivot":{"x":180.0703582763672,"y":1236.997802734375,"z":-271.7944030761719},"rotation":{"x":0.6213809251785278,"y":0.0011921559926122428,"z":-0.000914773263502866,"w":0.783507227897644},"size":3871.285400390625,"orthographic":true}